iu,iv,u_mm,v_mm,x_mm,y_mm,z_mm,nx,ny,nz,theta1_rad,theta2_rad,residual_abs,valid,reason_code
0,0,56.500000,-5.000000,-30.466254,16.384538,0.491104,0.96409231,0.09839233,-0.24666773,-3.561084575926,1.187028191975,0.000000,1,OK
1,0,56.925000,-5.000000,-30.120142,23.207183,1.524769,0.96198312,-0.11723270,-0.24666773,-3.338112061482,1.112704020494,0.000000,1,OK
2,0,57.350000,-5.000000,-29.041214,27.871864,2.177912,0.93598890,-0.25115694,-0.24666773,-3.197222059592,1.065740686531,0.000000,1,OK
3,0,57.775000,-5.000000,-27.633041,31.711470,2.700216,0.90181738,-0.35479635,-0.24666773,-3.084555396283,1.028185132094,0.000000,1,OK
4,0,58.200000,-5.000000,-26.006244,35.040404,3.149733,0.86323188,-0.44043813,-0.24666773,-2.987589641581,0.995863213860,0.000000,1,OK
5,0,58.625000,-5.000000,-24.215189,37.994950,3.551316,0.82188955,-0.51347113,-0.24666773,-2.900964045210,0.966988015070,0.000000,1,OK
6,0,59.050000,-5.000000,-22.293132,40.649288,3.918323,0.77870758,-0.57686181,-0.24666773,-2.821796634000,0.940598878000,0.000000,1,OK
7,0,59.475000,-5.000000,-20.263055,43.049306,4.258914,0.73426342,-0.63246523,-0.24666773,-2.748327398938,0.916109132979,0.000000,1,OK
8,0,59.900000,-5.000000,-18.142136,45.225872,4.578502,0.68895254,-0.68154195,-0.24666773,-2.679388768681,0.893129589560,0.000000,1,OK
9,0,60.325000,-5.000000,-15.943934,47.201033,4.880894,0.64306246,-0.72500048,-0.24666773,-2.614159585212,0.871386528404,0.000000,1,OK
10,0,60.750000,-5.000000,-13.679591,48.991268,5.168886,0.59681176,-0.76352522,-0.24666773,-2.552036599379,0.850678866460,0.000000,1,OK
11,0,61.175000,-5.000000,-11.358544,50.609349,5.444604,0.55037247,-0.79764978,-0.24666773,-2.492561405400,0.830853801800,0.000000,1,OK
12,0,61.600000,-5.000000,-8.988984,52.065474,5.709705,0.50388385,-0.82780197,-0.24666773,-2.435376122708,0.811792040903,0.000000,1,OK
13,0,62.025000,-5.000000,-6.578151,53.367993,5.965515,0.45746112,-0.85433270,-0.24666773,-2.380195107270,0.793398369090,0.000000,1,OK
14,0,62.450000,-5.000000,-4.132544,54.523895,6.213111,0.41120147,-0.87753540,-0.24666773,-2.326786131849,0.775595377283,0.000000,1,OK
15,0,62.875000,-5.000000,-1.658072,55.539144,6.453380,0.36518814,-0.89765954,-0.24666773,-2.274957429248,0.758319143083,0.000000,1,OK
16,0,63.300000,-5.000000,0.839836,56.418916,6.687068,0.31949337,-0.91492022,-0.24666773,-2.224548510771,0.741516170257,0.000000,1,OK
17,0,63.725000,-5.000000,3.356151,57.167777,6.914803,0.27418055,-0.92950528,-0.24666773,-2.175423497457,0.725141165819,0.000000,1,OK
18,0,64.150000,-5.000000,5.886181,57.789808,7.137126,0.22930581,-0.94158052,-0.24666773,-2.127466171995,0.709155390665,0.000000,1,OK
19,0,64.575000,-5.000000,8.425520,58.288708,7.354500,0.18491930,-0.95129379,-0.24666773,-2.080576238327,0.693525412776,0.000000,1,OK
20,0,65.000000,-5.000000,10.970010,58.667868,7.567330,0.14106610,-0.95877807,-0.24666773,-2.034666447383,0.678222149128,0.000000,1,OK
0,1,56.500000,-4.000000,-30.245598,16.775057,1.500569,0.96534385,0.08596802,-0.24641579,-3.551489161415,1.183829720472,0.000000,1,OK
1,1,56.925000,-4.000000,-29.812196,23.591176,2.533178,0.96045630,-0.12962619,-0.24641579,-3.328516646971,1.109505548990,0.000000,1,OK
2,1,57.350000,-4.000000,-28.673785,28.240733,3.185654,0.93273686,-0.26321324,-0.24641579,-3.187626645081,1.062542215027,0.000000,1,OK
3,1,57.775000,-4.000000,-27.216759,32.061283,3.707424,0.89723048,-0.36641058,-0.24641579,-3.074959981772,1.024986660591,0.000000,1,OK
4,1,58.200000,-4.000000,-25.547682,35.368529,4.156483,0.85754212,-0.45155373,-0.24641579,-2.977994227070,0.992664742357,0.000000,1,OK
5,1,58.625000,-4.000000,-23.719163,38.299399,4.557655,0.81525943,-0.52405279,-0.24641579,-2.891368630699,0.963789543566,0.000000,1,OK
6,1,59.050000,-4.000000,-21.763503,40.928469,4.924287,0.77126137,-0.58688598,-0.24641579,-2.812201219489,0.937400406496,0.000000,1,OK
7,1,59.475000,-4.000000,-19.703093,43.301907,5.264531,0.72610149,-0.64191579,-0.24641579,-2.738731984426,0.912910661475,0.000000,1,OK
8,1,59.900000,-4.000000,-17.554711,45.450787,5.583792,0.68015901,-0.69040783,-0.24641579,-2.669793354170,0.889931118057,0.000000,1,OK
9,1,60.325000,-4.000000,-15.331632,47.397322,5.885875,0.63370973,-0.73327432,-0.24641579,-2.604564170701,0.868188056900,0.000000,1,OK
10,1,60.750000,-4.000000,-13.044785,49.158129,6.173573,0.58696340,-0.77120245,-0.24641579,-2.542441184868,0.847480394956,0.000000,1,OK
11,1,61.175000,-4.000000,-10.703444,50.746094,6.449009,0.54008520,-0.80472805,-0.24641579,-2.482965990889,0.827655330296,0.000000,1,OK
12,1,61.600000,-4.000000,-8.315667,52.171517,6.713840,0.49320883,-0.83428071,-0.24641579,-2.425780708197,0.808593569399,0.000000,1,OK
13,1,62.025000,-4.000000,-5.888585,53.442837,6.969389,0.44644503,-0.86021282,-0.24641579,-2.370599692759,0.790199897586,0.000000,1,OK
14,1,62.450000,-4.000000,-3.428609,54.567124,7.216731,0.39988719,-0.88281906,-0.24641579,-2.317190717338,0.772396905779,0.000000,1,OK
15,1,62.875000,-4.000000,-0.941571,55.550416,7.456755,0.35361533,-0.90234996,-0.24641579,-2.265362014737,0.755120671579,0.000000,1,OK
16,1,63.300000,-4.000000,1.567169,56.397956,7.690204,0.30769892,-0.91902156,-0.24641579,-2.214953096260,0.738317698753,0.000000,1,OK
17,1,63.725000,-4.000000,4.092640,57.114374,7.917707,0.26219893,-0.93302250,-0.24641579,-2.165828082946,0.721942694315,0.000000,1,OK
18,1,64.150000,-4.000000,6.630202,57.703809,8.139802,0.21716936,-0.94451931,-0.24641579,-2.117870757485,0.705956919162,0.000000,1,OK
19,1,64.575000,-4.000000,9.175497,58.170015,8.356954,0.17265844,-0.95366048,-0.24641579,-2.070980823816,0.690326941272,0.000000,1,OK
20,1,65.000000,-4.000000,11.724410,58.516435,8.569567,0.12870954,-0.96057957,-0.24641579,-2.025071032873,0.675023677624,0.000000,1,OK
0,2,56.500000,-3.000000,-30.020393,17.166425,2.510436,0.96644644,0.07339749,-0.24615865,-3.541792945395,1.180597648465,0.000000,1,OK
1,2,56.925000,-3.000000,-29.498879,23.975451,3.541966,0.95875188,-0.14212934,-0.24615865,-3.318820430950,1.106273476983,0.000000,1,OK
2,2,57.350000,-3.000000,-28.300495,28.609347,4.193762,0.92929358,-0.27535315,-0.24615865,-3.177930429061,1.059310143020,0.000000,1,OK
3,2,57.775000,-3.000000,-26.794257,32.410315,4.714988,0.89244416,-0.37808641,-0.24615865,-3.065263765751,1.021754588584,0.000000,1,OK
4,2,58.200000,-3.000000,-25.082632,35.695351,5.163578,0.85164790,-0.46271133,-0.24615865,-2.968298011049,0.989432670350,0.000000,1,OK
5,2,58.625000,-3.000000,-23.216450,38.602027,5.564331,0.80842199,-0.53465859,-0.24615865,-2.881672414678,0.960557471559,0.000000,1,OK
6,2,59.050000,-3.000000,-21.227043,41.205319,5.930581,0.76360659,-0.59691783,-0.24615865,-2.802505003468,0.934168334489,0.000000,1,OK
7,2,59.475000,-3.000000,-19.136200,43.551670,6.270469,0.71773099,-0.65135869,-0.24615865,-2.729035768406,0.909678589469,0.000000,1,OK
8,2,59.900000,-3.000000,-16.960298,45.672365,6.589398,0.67115793,-0.69925171,-0.24615865,-2.660097138150,0.886699046050,0.000000,1,OK
9,2,60.325000,-3.000000,-14.712322,47.589783,6.891166,0.62415132,-0.74151268,-0.24615865,-2.594867954680,0.864955984893,0.000000,1,OK
10,2,60.750000,-3.000000,-12.402986,49.320677,7.178563,0.57691196,-0.77883150,-0.24615865,-2.532744968847,0.844248322949,0.000000,1,OK
11,2,61.175000,-3.000000,-10.041396,50.878051,7.453712,0.52959806,-0.81174615,-0.24615865,-2.473269774868,0.824423258289,0.000000,1,OK
12,2,61.600000,-3.000000,-7.635475,52.272305,7.718266,0.48233772,-0.84068796,-0.24615865,-2.416084492177,0.805361497392,0.000000,1,OK
13,2,62.025000,-3.000000,-5.192247,53.511970,7.973548,0.43523709,-0.86601074,-0.24615865,-2.360903476739,0.786967825580,0.000000,1,OK
14,2,62.450000,-3.000000,-2.718028,54.604197,8.220633,0.38838572,-0.88801039,-0.24615865,-2.307494501318,0.769164833773,0.000000,1,OK
15,2,62.875000,-3.000000,-0.218574,55.555096,8.460406,0.34186036,-0.90693848,-0.24615865,-2.255665798716,0.751888599572,0.000000,1,OK
16,2,63.300000,-3.000000,2.300825,56.369981,8.693611,0.29572768,-0.92301195,-0.24615865,-2.205256880239,0.735085626746,0.000000,1,OK
17,2,63.725000,-3.000000,4.835257,57.053542,8.920877,0.25004618,-0.93642022,-0.24615865,-2.156131866926,0.718710622309,0.000000,1,OK
18,2,64.150000,-3.000000,7.380136,57.609981,9.142740,0.20486770,-0.94733054,-0.24615865,-2.108174541464,0.702724847155,0.000000,1,OK
19,2,64.575000,-3.000000,9.931154,58.043105,9.359666,0.16023853,-0.95589201,-0.24615865,-2.061284607796,0.687094869265,0.000000,1,OK
20,2,65.000000,-3.000000,12.484240,58.356410,9.572057,0.11620031,-0.96223875,-0.24615865,-2.015374816852,0.671791605617,0.000000,1,OK
0,3,56.500000,-2.000000,-29.790533,17.558589,3.520701,0.96739479,0.06068253,-0.24589623,-3.531996013495,1.177332004498,0.000000,1,OK
1,3,56.925000,-2.000000,-29.180085,24.359920,4.551132,0.95686509,-0.15473925,-0.24589623,-3.309023499050,1.103007833017,0.000000,1,OK
2,3,57.350000,-2.000000,-27.921235,28.977597,5.202232,0.92565475,-0.28757317,-0.24589623,-3.168133497161,1.056044499054,0.000000,1,OK
3,3,57.775000,-2.000000,-26.365435,32.758436,5.722903,0.88745453,-0.38981983,-0.24589623,-3.055466833851,1.018488944617,0.000000,1,OK
4,3,58.200000,-2.000000,-24.611002,36.020721,6.171014,0.84554575,-0.47390657,-0.24589623,-2.958501079149,0.986167026383,0.000000,1,OK
5,3,58.625000,-2.000000,-22.706964,38.902671,6.571341,0.80137413,-0.54528392,-0.24589623,-2.871875482778,0.957291827593,0.000000,1,OK
6,3,59.050000,-2.000000,-20.683672,41.479659,6.937200,0.75574051,-0.60695250,-0.24589623,-2.792708071568,0.930902690523,0.000000,1,OK
7,3,59.475000,-2.000000,-18.562309,43.798406,7.276726,0.70914955,-0.66078889,-0.24589623,-2.719238836506,0.906412945502,0.000000,1,OK
8,3,59.900000,-2.000000,-16.358840,45.890407,7.595315,0.66194728,-0.70806839,-0.24589623,-2.650300206249,0.883433402083,0.000000,1,OK
9,3,60.325000,-2.000000,-14.085959,47.778206,7.896761,0.61438556,-0.74971023,-0.24589623,-2.585071022780,0.861690340927,0.000000,1,OK
10,3,60.750000,-2.000000,-11.754159,49.478694,8.183852,0.56665612,-0.78640695,-0.24589623,-2.522948036947,0.840982678982,0.000000,1,OK
11,3,61.175000,-2.000000,-9.372377,51.004993,8.458707,0.51891006,-0.81869860,-0.24589623,-2.463472842969,0.821157614323,0.000000,1,OK
12,3,61.600000,-2.000000,-6.948400,52.367606,8.722979,0.47126984,-0.84701817,-0.24589623,-2.406287560277,0.802095853426,0.000000,1,OK
13,3,62.025000,-2.000000,-4.489138,53.575153,8.977990,0.42383692,-0.87172089,-0.24589623,-2.351106544839,0.783702181613,0.000000,1,OK
14,3,62.450000,-2.000000,-2.000817,54.634868,9.224810,0.37669697,-0.89310382,-0.24589623,-2.297697569418,0.765899189806,0.000000,1,OK
15,3,62.875000,-2.000000,0.510891,55.552935,9.464328,0.32992345,-0.91141953,-0.24589623,-2.245868866816,0.748622955605,0.000000,1,OK
16,3,63.300000,-2.000000,3.040762,56.334737,9.697285,0.28358014,-0.92688583,-0.24589623,-2.195459948339,0.731819982780,0.000000,1,OK
17,3,63.725000,-2.000000,5.583948,56.985028,9.924308,0.23772307,-0.93969292,-0.24589623,-2.146334935026,0.715444978342,0.000000,1,OK
18,3,64.150000,-2.000000,8.135918,57.508067,10.145935,0.19240186,-0.95000872,-0.24589623,-2.098377609564,0.699459203188,0.000000,1,OK
19,3,64.575000,-2.000000,10.692412,57.907721,10.362629,0.14766086,-0.95798294,-0.24589623,-2.051487675895,0.683829225298,0.000000,1,OK
20,3,65.000000,-2.000000,13.249407,58.187536,10.574794,0.10353993,-0.96375024,-0.24589623,-2.005577884952,0.668525961651,0.000000,1,OK
0,4,56.500000,-1.000000,-29.555917,17.951491,4.531363,0.96818357,0.04782506,-0.24562844,-3.522098491168,1.174032830389,0.000000,1,OK
1,4,56.925000,-1.000000,-28.855704,24.744491,5.560672,0.95479119,-0.16745285,-0.24562844,-3.299125976724,1.099708658908,0.000000,1,OK
2,4,57.350000,-1.000000,-27.535901,29.345366,6.211063,0.92181610,-0.29986956,-0.24562844,-3.158235974834,1.052745324945,0.000000,1,OK
3,4,57.775000,-1.000000,-25.930192,33.105508,6.731166,0.88225775,-0.40160669,-0.24562844,-3.045569311525,1.015189770508,0.000000,1,OK
4,4,58.200000,-1.000000,-24.132696,36.344488,7.178790,0.83923224,-0.48513494,-0.24562844,-2.948603556823,0.982867852274,0.000000,1,OK
5,4,58.625000,-1.000000,-22.190619,39.201165,7.578680,0.79411285,-0.55592396,-0.24562844,-2.861977960452,0.953992653484,0.000000,1,OK
6,4,59.050000,-1.000000,-20.133316,41.751310,7.944141,0.74766051,-0.61698496,-0.24562844,-2.782810549242,0.927603516414,0.000000,1,OK
7,4,59.475000,-1.000000,-17.981354,44.041922,8.283297,0.70035494,-0.67020119,-0.24562844,-2.709341314179,0.903113771393,0.000000,1,OK
8,4,59.900000,-1.000000,-15.750284,46.104707,8.601539,0.65252520,-0.71685252,-0.24562844,-2.640402683923,0.880134227974,0.000000,1,OK
9,4,60.325000,-1.000000,-13.452500,47.962375,8.902657,0.60441094,-0.75786152,-0.24562844,-2.575173500454,0.858391166818,0.000000,1,OK
10,4,60.750000,-1.000000,-11.098274,49.631957,9.189435,0.55619468,-0.79392326,-0.24562844,-2.513050514621,0.837683504874,0.000000,1,OK
11,4,61.175000,-1.000000,-8.696370,51.126690,9.463991,0.50802035,-0.82557979,-0.24562844,-2.453575320642,0.817858440214,0.000000,1,OK
12,4,61.600000,-1.000000,-6.254435,52.457182,9.727976,0.46000464,-0.85326573,-0.24562844,-2.396390037950,0.798796679317,0.000000,1,OK
13,4,62.025000,-1.000000,-3.779267,53.632144,9.982708,0.41224429,-0.87733763,-0.24562844,-2.341209022512,0.780403007504,0.000000,1,OK
14,4,62.450000,-1.000000,-1.276995,54.658891,10.229260,0.36482104,-0.89809369,-0.24562844,-2.287800047091,0.762600015697,0.000000,1,OK
15,4,62.875000,-1.000000,1.246790,55.543682,10.468517,0.31780496,-0.91578746,-0.24562844,-2.235971344490,0.745323781497,0.000000,1,OK
16,4,63.300000,-1.000000,3.786935,56.291970,10.701220,0.27125696,-0.93063759,-0.24562844,-2.185562426013,0.728520808671,0.000000,1,OK
17,4,63.725000,-1.000000,6.338654,56.908572,10.927996,0.22523052,-0.94283502,-0.24562844,-2.136437412699,0.712145804233,0.000000,1,OK
18,4,64.150000,-1.000000,8.897473,57.397809,11.149382,0.17977305,-0.95254833,-0.24562844,-2.088480087238,0.696160029079,0.000000,1,OK
19,4,64.575000,-1.000000,11.459184,57.763601,11.365840,0.13492689,-0.95992781,-0.24562844,-2.041590153569,0.680530051190,0.000000,1,OK
20,4,65.000000,-1.000000,14.019809,58.009550,11.577774,0.09073011,-0.96510865,-0.24562844,-1.995680362626,0.665226787542,0.000000,1,OK
0,5,56.500000,0.000000,-29.316439,18.345072,5.542417,0.96880745,0.03482723,-0.24535523,-3.512100543823,1.170700181274,0.000000,1,OK
1,5,56.925000,0.000000,-28.525627,25.129070,6.570581,0.95252542,-0.18026687,-0.24535523,-3.289128029378,1.096376009793,0.000000,1,OK
2,5,57.350000,0.000000,-27.144386,29.712535,7.220249,0.91777337,-0.31223844,-0.24535523,-3.148238027488,1.049412675829,0.000000,1,OK
3,5,57.775000,0.000000,-25.488429,33.451393,7.739774,0.87685004,-0.41344264,-0.24535523,-3.035571364179,1.011857121393,0.000000,1,OK
4,5,58.200000,0.000000,-23.647625,36.666494,8.186900,0.83270406,-0.49639174,-0.24535523,-2.938605609477,0.979535203159,0.000000,1,OK
5,5,58.625000,0.000000,-21.667333,39.497334,8.586345,0.78663524,-0.56657375,-0.24535523,-2.851980013106,0.950660004369,0.000000,1,OK
6,5,59.050000,0.000000,-19.575903,42.020083,8.951400,0.73936408,-0.62701003,-0.24535523,-2.772812601896,0.924270867299,0.000000,1,OK
7,5,59.475000,0.000000,-17.393276,44.282019,9.290179,0.69134501,-0.67959023,-0.24535523,-2.699343366834,0.899781122278,0.000000,1,OK
8,5,59.900000,0.000000,-15.134580,46.315055,9.608067,0.64288993,-0.72559862,-0.24535523,-2.630404736577,0.876801578859,0.000000,1,OK
9,5,60.325000,0.000000,-12.811908,48.142072,9.908849,0.59422606,-0.76596096,-0.24535523,-2.565175553108,0.855058517703,0.000000,1,OK
10,5,60.750000,0.000000,-10.435307,49.780237,10.195309,0.54552661,-0.80137477,-0.24535523,-2.503052567275,0.834350855758,0.000000,1,OK
11,5,61.175000,0.000000,-8.013362,51.242908,10.469559,0.49692823,-0.83238402,-0.24535523,-2.443577373296,0.814525791099,0.000000,1,OK
12,5,61.600000,0.000000,-5.553582,52.540792,10.733250,0.44854175,-0.85942487,-0.24535523,-2.386392090604,0.795464030201,0.000000,1,OK
13,5,62.025000,0.000000,-3.062648,53.682694,10.987699,0.40045916,-0.88285518,-0.24535523,-2.331211075167,0.777070358389,0.000000,1,OK
14,5,62.450000,0.000000,-0.546590,54.676012,11.233977,0.35275816,-0.90297425,-0.24535523,-2.277802099746,0.759267366582,0.000000,1,OK
15,5,62.875000,0.000000,1.989081,55.527081,11.472968,0.30550544,-0.92003654,-0.24535523,-2.225973397144,0.741991132381,0.000000,1,OK
16,5,63.300000,0.000000,4.539286,56.241421,11.705412,0.25875896,-0.93426153,-0.24535523,-2.175564478667,0.725188159556,0.000000,1,OK
17,5,63.725000,0.000000,7.099305,56.823915,11.931936,0.21256965,-0.94584087,-0.24535523,-2.126439465353,0.708813155118,0.000000,1,OK
18,5,64.150000,0.000000,9.664719,57.278943,12.153075,0.16698263,-0.95494377,-0.24535523,-2.078482139892,0.692827379964,0.000000,1,OK
19,5,64.575000,0.000000,12.231373,57.610483,12.369293,0.12203825,-0.96172110,-0.24535523,-2.031592206224,0.677197402075,0.000000,1,OK
20,5,65.000000,0.000000,14.795337,57.822190,12.580991,0.07777276,-0.96630855,-0.24535523,-1.985682415280,0.661894138427,0.000000,1,OK
0,6,56.500000,1.000000,-29.071994,18.739267,6.553862,0.96926105,0.02169136,-0.24507651,-3.502002376883,1.167334125628,0.000000,1,OK
1,6,56.925000,1.000000,-28.189747,25.513556,7.580858,0.95006306,-0.19317786,-0.24507651,-3.279029862439,1.093009954146,0.000000,1,OK
2,6,57.350000,1.000000,-26.746586,30.078978,8.229788,0.91352240,-0.32467573,-0.24507651,-3.138139860549,1.046046620183,0.000000,1,OK
3,6,57.775000,1.000000,-25.040048,33.795945,8.748723,0.87122772,-0.42532314,-0.24507651,-3.025473197240,1.008491065747,0.000000,1,OK
4,6,58.200000,1.000000,-23.155699,36.986574,9.195340,0.82595795,-0.50767211,-0.24507651,-2.928507442538,0.976169147513,0.000000,1,OK
5,6,58.625000,1.000000,-21.137029,39.791000,9.594332,0.77893847,-0.57722817,-0.24507651,-2.841881846167,0.947293948722,0.000000,1,OK
6,6,59.050000,1.000000,-19.011366,42.285788,9.958972,0.73084882,-0.63702238,-0.24507651,-2.762714434957,0.920904811652,0.000000,1,OK
7,6,59.475000,1.000000,-16.798017,44.518492,10.297366,0.68211779,-0.68895053,-0.24507651,-2.689245199895,0.896415066632,0.000000,1,OK
8,6,59.900000,1.000000,-14.511684,46.521238,10.614893,0.63303984,-0.73430107,-0.24507651,-2.620306569638,0.873435523213,0.000000,1,OK
9,6,60.325000,1.000000,-12.164152,48.317073,10.915334,0.58382968,-0.77400285,-0.24507651,-2.555077386169,0.851692462056,0.000000,1,OK
10,6,60.750000,1.000000,-9.765238,49.923303,11.201468,0.53465102,-0.80875571,-0.24507651,-2.492954400336,0.830984800112,0.000000,1,OK
11,6,61.175000,1.000000,-7.323349,51.353405,11.475407,0.48563313,-0.83910545,-0.24507651,-2.433479206357,0.811159735452,0.000000,1,OK
12,6,61.600000,1.000000,-4.845850,52.618190,11.738798,0.43688097,-0.86548976,-0.24507651,-2.376293923665,0.792097974555,0.000000,1,OK
13,6,62.025000,1.000000,-2.339302,53.726554,11.992958,0.38848163,-0.88826771,-0.24507651,-2.321112908228,0.773704302743,0.000000,1,OK
14,6,62.450000,1.000000,0.190360,54.685977,12.238956,0.34050877,-0.90773966,-0.24507651,-2.267703932806,0.755901310935,0.000000,1,OK
15,6,62.875000,1.000000,2.737715,55.502872,12.477676,0.29302562,-0.92416097,-0.24507651,-2.215875230205,0.738625076735,0.000000,1,OK
16,6,63.300000,1.000000,5.297754,56.182828,12.709856,0.24608717,-0.93775189,-0.24507651,-2.165466311728,0.721822103909,0.000000,1,OK
17,6,63.725000,1.000000,7.865824,56.730791,12.936122,0.19974175,-0.94870477,-0.24507651,-2.116341298414,0.705447099471,0.000000,1,OK
18,6,64.150000,1.000000,10.437565,57.151205,13.157011,0.15403219,-0.95718942,-0.24507651,-2.068383972953,0.689461324318,0.000000,1,OK
19,6,64.575000,1.000000,13.008875,57.448102,13.372982,0.10899679,-0.96335726,-0.24507651,-2.021494039284,0.673831346428,0.000000,1,OK
20,6,65.000000,1.000000,15.575873,57.625191,13.584440,0.06466995,-0.96734446,-0.24507651,-1.975584248341,0.658528082780,0.000000,1,OK
0,7,56.500000,2.000000,-28.822477,19.134009,7.565693,0.96953900,0.00841997,-0.24479221,-3.491804235798,1.163934745266,0.000000,1,OK
1,7,56.925000,2.000000,-27.847955,25.897846,8.591498,0.94739943,-0.20618217,-0.24479221,-3.268831721354,1.089610573785,0.000000,1,OK
2,7,57.350000,2.000000,-26.342400,30.444566,9.239675,0.90905904,-0.33717715,-0.24479221,-3.127941719464,1.042647239821,0.000000,1,OK
3,7,57.775000,2.000000,-24.584955,34.139014,9.758008,0.86538714,-0.43724349,-0.24479221,-3.015275056154,1.005091685385,0.000000,1,OK
4,7,58.200000,2.000000,-22.656833,37.304563,10.204107,0.81899075,-0.51897102,-0.24479221,-2.918309301452,0.972769767151,0.000000,1,OK
5,7,58.625000,2.000000,-20.599630,40.081980,10.602636,0.77101985,-0.58788193,-0.24479221,-2.831683705081,0.943894568360,0.000000,1,OK
6,7,59.050000,2.000000,-18.439639,42.548226,10.966853,0.72211245,-0.64701652,-0.24479221,-2.752516293871,0.917505431290,0.000000,1,OK
7,7,59.475000,2.000000,-16.195526,44.751133,11.304855,0.67267139,-0.69827643,-0.24479221,-2.679047058809,0.893015686270,0.000000,1,OK
8,7,59.900000,2.000000,-13.881556,46.723036,11.622013,0.62297347,-0.74295412,-0.24479221,-2.610108428553,0.870036142851,0.000000,1,OK
9,7,60.325000,2.000000,-11.509206,48.487149,11.922105,0.57322068,-0.78198134,-0.24479221,-2.544879245083,0.848293081694,0.000000,1,OK
10,7,60.750000,2.000000,-9.088055,50.060918,12.207908,0.52356716,-0.81606017,-0.24479221,-2.482756259250,0.827585419750,0.000000,1,OK
11,7,61.175000,2.000000,-6.626331,51.457938,12.481529,0.47413469,-0.84573818,-0.24479221,-2.423281065271,0.807760355090,0.000000,1,OK
12,7,61.600000,2.000000,-4.131251,52.689125,12.744615,0.42502224,-0.87145446,-0.24479221,-2.366095782580,0.788698594193,0.000000,1,OK
13,7,62.025000,2.000000,-1.609259,53.763467,12.998480,0.37631198,-0.89356929,-0.24479221,-2.310914767142,0.770304922381,0.000000,1,OK
14,7,62.450000,2.000000,0.933816,54.688528,13.244193,0.32807345,-0.91238401,-0.24479221,-2.257505791721,0.752501930574,0.000000,1,OK
15,7,62.875000,2.000000,3.492634,55.470794,13.482635,0.28036640,-0.92815487,-0.24479221,-2.205677089119,0.735225696373,0.000000,1,OK
16,7,63.300000,2.000000,6.062267,56.115926,13.714546,0.23324279,-0.94110285,-0.24479221,-2.155268170642,0.718422723547,0.000000,1,OK
17,7,63.725000,2.000000,8.638126,56.628937,13.940550,0.18674831,-0.95142096,-0.24479221,-2.106143157329,0.702047719110,0.000000,1,OK
18,7,64.150000,2.000000,11.215911,57.014328,14.161182,0.14092348,-0.95927960,-0.24479221,-2.058185831867,0.686061943956,0.000000,1,OK
19,7,64.575000,2.000000,13.791575,57.276191,14.376903,0.09580451,-0.96483069,-0.24479221,-2.011295898199,0.670431966066,0.000000,1,OK
20,7,65.000000,2.000000,16.361288,57.418288,14.588115,0.05142395,-0.96821090,-0.24479221,-1.965386107255,0.655128702418,0.000000,1,OK
0,8,56.500000,3.000000,-28.567782,19.529228,8.577907,0.96963591,-0.00498423,-0.24450227,-3.481506405971,1.160502135324,0.000000,1,OK
1,8,56.925000,3.000000,-27.500146,26.281830,9.602497,0.94452988,-0.21927597,-0.24450227,-3.258533891526,1.086177963842,0.000000,1,OK
2,8,57.350000,3.000000,-25.931724,30.809164,10.249906,0.90437923,-0.34973826,-0.24450227,-3.117643889637,1.039214629879,0.000000,1,OK
3,8,57.775000,3.000000,-24.123055,34.480444,10.767625,0.85932477,-0.44919881,-0.24450227,-3.004977226327,1.001659075442,0.000000,1,OK
4,8,58.200000,3.000000,-22.150943,37.620286,11.213196,0.81179942,-0.53028326,-0.24450227,-2.908011471625,0.969337157208,0.000000,1,OK
5,8,58.625000,3.000000,-20.055064,40.370086,11.611253,0.76287678,-0.59852958,-0.24450227,-2.821385875254,0.940461958418,0.000000,1,OK
6,8,59.050000,3.000000,-17.860664,42.807197,11.975038,0.71315282,-0.65698683,-0.24450227,-2.742218464044,0.914072821348,0.000000,1,OK
7,8,59.475000,3.000000,-15.585754,44.979728,12.312639,0.66300407,-0.70756218,-0.24450227,-2.668749228982,0.889583076327,0.000000,1,OK
8,8,59.900000,3.000000,-13.244162,46.920224,12.629422,0.61268948,-0.75155189,-0.24450227,-2.599810598726,0.866603532909,0.000000,1,OK
9,8,60.325000,3.000000,-10.847046,48.652066,12.929159,0.56239813,-0.78989049,-0.24450227,-2.534581415256,0.844860471752,0.000000,1,OK
10,8,60.750000,3.000000,-8.403750,50.192840,13.214623,0.51227446,-0.82328216,-0.24450227,-2.472458429423,0.824152809808,0.000000,1,OK
11,8,61.175000,3.000000,-5.922315,51.556260,13.487920,0.46243269,-0.85227616,-0.24450227,-2.412983235445,0.804327745148,0.000000,1,OK
12,8,61.600000,3.000000,-3.409808,52.753345,13.750694,0.41296569,-0.87731293,-0.24450227,-2.355797952753,0.785265984251,0.000000,1,OK
13,8,62.025000,3.000000,-0.872552,53.793176,14.004259,0.36395067,-0.89875389,-0.24450227,-2.300616937315,0.766872312438,0.000000,1,OK
14,8,62.450000,3.000000,1.683725,54.683401,14.249680,0.31545299,-0.91690133,-0.24450227,-2.247207961894,0.749069320631,0.000000,1,OK
15,8,62.875000,3.000000,4.253776,55.430582,14.487840,0.26752887,-0.93201231,-0.24450227,-2.195379259292,0.731793086431,0.000000,1,OK
16,8,63.300000,3.000000,6.832747,56.040450,14.719476,0.22022720,-0.94430854,-0.24450227,-2.144970340815,0.714990113605,0.000000,1,OK
17,8,63.725000,3.000000,9.416117,56.518084,14.945213,0.17359101,-0.95398365,-0.24450227,-2.095845327502,0.698615109167,0.000000,1,OK
18,8,64.150000,3.000000,11.999649,56.868044,15.165583,0.12765845,-0.96120859,-0.24450227,-2.047888002040,0.682629334013,0.000000,1,OK
19,8,64.575000,3.000000,14.579351,57.094482,15.381049,0.08246365,-0.96613580,-0.24450227,-2.000998068372,0.666999356124,0.000000,1,OK
20,8,65.000000,3.000000,17.151445,57.201214,15.592011,0.03803724,-0.96890237,-0.24450227,-1.955088277428,0.651696092476,0.000000,1,OK
0,9,56.500000,4.000000,-28.307803,19.924849,9.590499,0.96954639,-0.01851834,-0.24420660,-3.471109212640,1.157036404213,0.000000,1,OK
1,9,56.925000,4.000000,-27.146212,26.665396,10.613850,0.94144978,-0.23245524,-0.24420660,-3.248136698195,1.082712232732,0.000000,1,OK
2,9,57.350000,4.000000,-25.514460,31.172635,11.260476,0.89947897,-0.36235441,-0.24420660,-3.107246696305,1.035748898768,0.000000,1,OK
3,9,57.775000,4.000000,-23.654259,34.820076,11.777569,0.85303717,-0.46118405,-0.24420660,-2.994580032996,0.998193344332,0.000000,1,OK
4,9,58.200000,4.000000,-21.637948,37.933566,12.222602,0.80438101,-0.54160347,-0.24420660,-2.897614278294,0.965871426098,0.000000,1,OK
5,9,58.625000,4.000000,-19.503262,40.655124,12.620177,0.75450679,-0.60916552,-0.24420660,-2.810988681923,0.936996227308,0.000000,1,OK
6,9,59.050000,4.000000,-17.274382,43.062494,12.983522,0.70396790,-0.66692753,-0.24420660,-2.731821270713,0.910607090238,0.000000,1,OK
7,9,59.475000,4.000000,-14.968660,45.204059,13.320716,0.65311426,-0.71680186,-0.24420660,-2.658352035651,0.886117345217,0.000000,1,OK
8,9,59.900000,4.000000,-12.599473,47.112574,13.637115,0.60218669,-0.76008836,-0.24420660,-2.589413405394,0.863137801798,0.000000,1,OK
9,9,60.325000,4.000000,-10.177660,48.811588,13.936490,0.55136125,-0.79772421,-0.24420660,-2.524184221925,0.841394740642,0.000000,1,OK
10,9,60.750000,4.000000,-7.712323,50.318825,14.221608,0.50077253,-0.83041557,-0.24420660,-2.462061236092,0.820687078697,0.000000,1,OK
11,9,61.175000,4.000000,-5.211313,51.648119,14.494575,0.45052708,-0.85871327,-0.24420660,-2.402586042113,0.800862014038,0.000000,1,OK
12,9,61.600000,4.000000,-2.681549,52.810593,14.757031,0.40071163,-0.88305907,-0.24420660,-2.345400759422,0.781800253141,0.000000,1,OK
13,9,62.025000,4.000000,-0.129227,53.815420,15.010289,0.35139835,-0.90381543,-0.24420660,-2.290219743984,0.763406581328,0.000000,1,OK
14,9,62.450000,4.000000,2.440031,54.670332,15.255414,0.30264837,-0.92128557,-0.24420660,-2.236810768563,0.745603589521,0.000000,1,OK
15,9,62.875000,4.000000,5.021066,55.381969,15.493286,0.25451431,-0.93572731,-0.24420660,-2.184982065961,0.728327355320,0.000000,1,OK
16,9,63.300000,4.000000,7.609104,55.956131,15.724642,0.20704198,-0.94736305,-0.24420660,-2.134573147484,0.711524382495,0.000000,1,OK
17,9,63.725000,4.000000,10.199694,56.397961,15.950105,0.16027170,-0.95638701,-0.24420660,-2.085448134171,0.695149378057,0.000000,1,OK
18,9,64.150000,4.000000,12.788662,56.712085,16.170210,0.11423925,-0.96297068,-0.24420660,-2.037490808709,0.679163602903,0.000000,1,OK
19,9,64.575000,4.000000,15.372072,56.902707,16.385415,0.06897660,-0.96726696,-0.24420660,-1.990600875041,0.663533625014,0.000000,1,OK
20,9,65.000000,4.000000,17.946199,56.973701,16.596122,0.02451249,-0.96941337,-0.24420660,-1.944691084097,0.648230361366,0.000000,1,OK
0,10,56.500000,5.000000,-28.042435,20.320795,10.603466,0.96926507,-0.03217923,-0.24390515,-3.460613020684,1.153537673561,0.000000,1,OK
1,10,56.925000,5.000000,-26.786050,27.048427,11.625554,0.93815460,-0.24571574,-0.24390515,-3.237640506239,1.079213502080,0.000000,1,OK
2,10,57.350000,5.000000,-25.090510,31.534834,12.271382,0.89435434,-0.37502080,-0.24390515,-3.096750504349,1.032250168116,0.000000,1,OK
3,10,57.775000,5.000000,-23.178477,35.157745,12.787836,0.84652096,-0.47319398,-0.24390515,-2.984083841040,0.994694613680,0.000000,1,OK
4,10,58.200000,5.000000,-21.117773,38.244220,13.232319,0.79673269,-0.55292612,-0.24390515,-2.887118086338,0.962372695446,0.000000,1,OK
5,10,58.625000,5.000000,-18.944161,40.936896,13.629404,0.74590755,-0.61978400,-0.24390515,-2.800492489967,0.933497496656,0.000000,1,OK
6,10,59.050000,5.000000,-16.680744,43.313905,13.992301,0.69455583,-0.67683268,-0.24390515,-2.721325078757,0.907108359586,0.000000,1,OK
7,10,59.475000,5.000000,-14.344204,45.423902,14.329078,0.64300051,-0.72598941,-0.24390515,-2.647855843695,0.882618614565,0.000000,1,OK
8,10,59.900000,5.000000,-11.947464,47.299853,14.645087,0.59146409,-0.76855742,-0.24390515,-2.578917213438,0.859639071146,0.000000,1,OK
9,10,60.325000,5.000000,-9.501036,48.965472,14.944092,0.54010941,-0.80547632,-0.24390515,-2.513688029969,0.837896009990,0.000000,1,OK
10,10,60.750000,5.000000,-7.013777,50.438623,15.228859,0.48906112,-0.83745418,-0.24390515,-2.451565044136,0.817188348045,0.000000,1,OK
11,10,61.175000,5.000000,-4.493347,51.733259,15.501488,0.43841800,-0.86504331,-0.24390515,-2.392089850157,0.797363283386,0.000000,1,OK
12,10,61.600000,5.000000,-1.946509,52.860607,15.763621,0.38826056,-0.88868668,-0.24390515,-2.334904567465,0.778301522488,0.000000,1,OK
13,10,62.025000,5.000000,0.620668,53.829934,16.016566,0.33865585,-0.90874776,-0.24390515,-2.279723552027,0.759907850676,0.000000,1,OK
14,10,62.450000,5.000000,3.202668,54.649054,16.261388,0.28966073,-0.92553063,-0.24390515,-2.226314576606,0.742104858869,0.000000,1,OK
15,10,62.875000,5.000000,5.794425,55.324685,16.498967,0.24132420,-0.93929384,-0.24390515,-2.174485874005,0.724828624668,0.000000,1,OK
16,10,63.300000,5.000000,8.391244,55.862697,16.730037,0.19368892,-0.95026043,-0.24390515,-2.124076955528,0.708025651843,0.000000,1,OK
17,10,63.725000,5.000000,10.988747,56.268299,16.955222,0.14679247,-0.95862519,-0.24390515,-2.074951942215,0.691650647405,0.000000,1,OK
18,10,64.150000,5.000000,13.582823,56.546178,17.175054,0.10066822,-0.96456010,-0.24390515,-2.026994616753,0.675664872251,0.000000,1,OK
19,10,64.575000,5.000000,16.169596,56.700597,17.389994,0.05534598,-0.96821852,-0.24390515,-1.980104683084,0.660034894361,0.000000,1,OK
20,10,65.000000,5.000000,18.745393,56.735483,17.600441,0.01085257,-0.96973837,-0.24390515,-1.934194892141,0.644731630714,0.000000,1,OK
